Nom du lieu,Latitude,Longitude,Note d'intérêt,Note Google Maps,Résumé des avis Google Maps,Histoire courte,Histoire longue,Date de construction,Type de point d'intérêt
Tour Eiffel,48.8584,2.2945,100,4.7,"Les visiteurs louent la beauté et l'iconicité de la Tour Eiffel, avec des commentaires fréquents sur les vues panoramiques depuis le sommet. Cependant, certains déplorent les longues files d'attente et les prix élevés.","Inaugurée lors de l'Exposition universelle de 1889, la Tour Eiffel est aujourd'hui le monument payant le plus visité au monde.","La Tour Eiffel a été construite par Gustave Eiffel pour l'Exposition universelle de 1889, célébrant le centenaire de la Révolution française. Elle a été un exploit d'ingénierie en raison de sa structure métallique audacieuse, qui la rend unique pour son époque. Initialement critiquée, elle est devenue le symbole de la France. La tour mesure 330 mètres de haut et a été la plus haute structure du monde jusqu'en 1930. Elle abrite aujourd'hui des restaurants, des boutiques et offre une vue panoramique sur Paris. La tour est régulièrement repeinte pour la protéger de la rouille, un travail colossal qui prend environ 18 mois.",1887-1889,Monument
Notre-Dame de Paris,48.852968,2.349902,98,4.8,"La cathédrale est largement appréciée pour son architecture gothique impressionnante et son histoire riche. Les avis récents mentionnent souvent la tristesse de la fermeture prolongée après l'incendie de 2019, avec une impatience générale pour la réouverture.","Construite entre 1163 et 1345, Notre-Dame est un chef-d'œuvre de l'architecture gothique, célèbre pour ses gargouilles, ses vitraux et ses clochers.","Notre-Dame de Paris a été commencée en 1163 et achevée en 1345. Elle est dédiée à la Vierge Marie et est un exemple parfait de l'architecture gothique française. La cathédrale a été le théâtre de nombreux événements historiques, y compris le couronnement de Napoléon Bonaparte. Son importance culturelle a été renforcée par le roman de Victor Hugo, 'Notre-Dame de Paris'. En 2019, un incendie a détruit sa flèche et une grande partie de son toit. La restauration est en cours avec une réouverture prévue en 2024.",1163-1345,Monument religieux
Louvre,48.860611,2.337644,97,4.7,"Le musée du Louvre est acclamé pour sa vaste collection d'art inestimable, en particulier la Joconde. Toutefois, certains visiteurs se plaignent de la taille du musée, rendant difficile de tout voir en une seule visite, et des foules importantes.","Ancienne résidence royale, devenu musée en 1793, le Louvre est aujourd'hui un symbole mondial de l'art et de la culture.","Le Louvre a commencé comme une forteresse au 12ème siècle sous Philippe Auguste. Il a été transformé en palais royal au 16ème siècle sous François Ier, puis en musée en 1793 après la Révolution française. Le musée abrite aujourd'hui plus de 38 000 œuvres d'art, y compris des chefs-d'œuvre comme la Joconde, la Vénus de Milo et la Victoire de Samothrace. La pyramide de verre, ajoutée en 1989, sert de nouvelle entrée et est devenue une icône architecturale de Paris. La riche histoire du Louvre reflète son rôle central dans la culture française et mondiale.",12ème siècle,Musée
Montmartre,48.8867,2.3431,95,4.6,"Montmartre est apprécié pour son charme bohème, ses ruelles pavées, et la vue depuis le Sacré-Cœur. Certains visiteurs avertissent des foules importantes, surtout autour du Sacré-Cœur, et du grand nombre de vendeurs de souvenirs.","Montmartre est célèbre pour sa basilique, ses ruelles pavées et son histoire artistique riche, qui a attiré des artistes comme Picasso et Van Gogh.","Montmartre a été annexé à Paris en 1860. À la fin du 19ème siècle, le quartier est devenu le centre de la vie artistique de Paris, attirant des artistes célèbres tels que Picasso, Van Gogh et Toulouse-Lautrec. La basilique du Sacré-Cœur, achevée en 1914, domine la colline et offre une vue imprenable sur la ville. Le quartier a conservé son atmosphère villageoise, avec des vignes, des moulins et des ateliers d'artistes, qui en font l'un des endroits les plus charmants de Paris.",Annexé en 1860,Quartier
Champs-Élysées,48.8698,2.3076,90,4.5,"L'avenue est admirée pour ses boutiques de luxe et son ambiance parisienne typique. Néanmoins, certains avis indiquent que l'avenue peut être trop fréquentée par les touristes, avec des prix parfois prohibitifs.","L'avenue des Champs-Élysées, qui relie la Place de la Concorde à l'Arc de Triomphe, est l'une des plus célèbres avenues du monde.","Les Champs-Élysées ont été aménagés au 17ème siècle sous Louis XIV. Aujourd'hui, cette avenue est un lieu de promenade privilégié des Parisiens et des touristes, bordée de théâtres, de cafés, de magasins de luxe, et de grands événements comme le défilé du 14 juillet. L'Arc de Triomphe, à l'extrémité ouest de l'avenue, a été commandé par Napoléon en 1806 pour célébrer ses victoires militaires.",17ème siècle,Avenue
Pont Alexandre III,48.8637,2.313,85,4.7,Pont emblématique connu pour son architecture grandiose.,"Le pont Alexandre III est considéré comme l'un des plus beaux ponts de Paris, reliant les Invalides aux Champs-Élysées.","Construit pour l'Exposition universelle de 1900, le pont Alexandre III symbolise l'amitié franco-russe et est dédié au tsar Alexandre III. Ce pont orné est un chef-d'œuvre de l'architecture Beaux-Arts, avec ses lampadaires, ses sculptures et ses Nymphes dorées.",1896-1900,Pont
Musée Rodin,48.8556,2.3158,88,4.7,Musée consacré à l'œuvre du sculpteur Auguste Rodin.,"Le musée Rodin abrite les œuvres les plus célèbres de Rodin, y compris 'Le Penseur' et 'Les Bourgeois de Calais'.","Situé dans l'hôtel Biron, un hôtel particulier du 18ème siècle, le musée Rodin expose des sculptures, dessins, et archives du maître. Les jardins du musée sont également parsemés d'œuvres d'art et constituent un cadre paisible au cœur de Paris.",1919,Musée
Place de la Concorde,48.8656,2.3211,90,4.6,"L'une des places les plus célèbres de Paris, située entre les Champs-Élysées et le jardin des Tuileries.","La Place de la Concorde est le théâtre d'événements historiques, y compris les exécutions pendant la Révolution française.","Aménagée en 1755, la Place de la Concorde a été le site de l'échafaud pendant la Révolution française, où Louis XVI, Marie-Antoinette, et d'autres figures ont été guillotinés. Aujourd'hui, elle est ornée d'un obélisque égyptien, de fontaines et de statues représentant les villes de France.",1755,Place
Opéra Garnier,48.8719,2.3316,92,4.7,"Chef-d'œuvre de l'architecture du 19ème siècle, célèbre pour son grand escalier et son plafond peint par Chagall.","L'Opéra Garnier est un symbole de l'opulence de l'époque haussmannienne, avec son intérieur richement décoré.","Construit par l'architecte Charles Garnier entre 1861 et 1875, l'Opéra Garnier est un monument emblématique du Paris haussmannien. Il est célèbre pour son escalier somptueux, sa salle de spectacle en forme de fer à cheval et son plafond peint par Marc Chagall en 1964.",1861-1875,Monument
Palais Royal,48.864,2.3366,85,4.5,Ancienne résidence royale entourée de jardins et de galeries.,"Le Palais Royal est un complexe historique au cœur de Paris, abritant aujourd'hui le Conseil d'État et la Comédie-Française.","Le Palais Royal a été construit en 1633 pour le cardinal Richelieu, puis est devenu la résidence de la famille royale sous Louis XIII. Il a joué un rôle important dans l'histoire de France, notamment pendant la Révolution française. Les jardins du Palais Royal, avec leurs célèbres colonnes de Buren, sont un lieu de détente prisé des Parisiens.",1633,Monument
Quartier Latin,48.848,2.343,90,4.6,"Quartier historique de Paris, connu pour ses universités, ses librairies et son ambiance animée.","Le Quartier Latin est le centre intellectuel de Paris, avec la Sorbonne et de nombreux cafés littéraires.","Le Quartier Latin, nommé ainsi en raison de l'utilisation du latin dans les universités médiévales, est un quartier riche en histoire. Il abrite la Sorbonne, l'une des plus anciennes universités d'Europe, ainsi que de nombreuses institutions culturelles et scientifiques. Le quartier est également célèbre pour son ambiance bohème, avec ses cafés, ses cinémas d'art et essai, et ses librairies.",Moyen Âge,Quartier
Jardin des Tuileries,48.8637,2.327,88,4.6,Parc emblématique situé entre le Louvre et la Place de la Concorde.,"Le Jardin des Tuileries est un lieu de promenade historique, créé pour le palais des Tuileries.","Le Jardin des Tuileries a été créé en 1564 par Catherine de Médicis en tant que jardin du palais des Tuileries. Il a été ouvert au public après la Révolution française. Le jardin, conçu dans le style à la française par André Le Nôtre, est un lieu de promenade populaire pour les Parisiens et les touristes, avec ses sculptures, ses bassins et ses allées bordées d'arbres.",1564,Parc
Musée de l'Orangerie,48.8638,2.3222,87,4.7,"Musée d'art impressionniste, abritant les célèbres Nymphéas de Monet.",Le musée de l'Orangerie présente des œuvres d'artistes impressionnistes et post-impressionnistes dans un cadre intime.,"Le musée de l'Orangerie est situé dans une ancienne orangerie du jardin des Tuileries. Il est surtout connu pour abriter les Nymphéas de Claude Monet, une série de panneaux monumentaux représentant le jardin de l'artiste à Giverny. Le musée présente également des œuvres de Cézanne, Matisse, Modigliani, Picasso et Renoir.",1927,Musée
Place des Vosges,48.8556,2.365,89,4.7,"La plus ancienne place planifiée de Paris, située dans le quartier du Marais.","La Place des Vosges est un exemple parfait de l'urbanisme à la française, avec ses arcades et ses bâtiments uniformes en brique rouge.","La Place des Vosges a été construite entre 1605 et 1612 sous le règne de Henri IV. C'est la première place planifiée de Paris, caractérisée par ses bâtiments uniformes en brique et pierre et ses arcades. Elle a été un lieu de résidence prisé par l'aristocratie française. Aujourd'hui, la place est un havre de paix au cœur du Marais, avec ses jardins, ses galeries d'art et ses cafés.",1605-1612,Place
Moulin Rouge,48.8841,2.3324,85,4.4,"Cabaret emblématique, connu pour ses spectacles de French cancan.","Le Moulin Rouge est un symbole du Paris bohème, offrant des spectacles extravagants depuis 1889.","Le Moulin Rouge a été fondé en 1889 par Joseph Oller et Charles Zidler. Situé à Pigalle, au pied de Montmartre, ce cabaret est célèbre pour ses spectacles de French cancan, son ambiance festive et ses revues glamour. Le bâtiment, avec son célèbre moulin à vent rouge, est une icône de la vie nocturne parisienne. Le Moulin Rouge a inspiré de nombreux artistes, écrivains et réalisateurs, et reste l'une des attractions les plus populaires de Paris.",1889,Cabaret
Centre Pompidou,48.8606,2.3522,88,4.5,"Centre d'art moderne et contemporain, connu pour son architecture industrielle.","Le Centre Pompidou est un pôle culturel innovant, abritant le Musée national d'art moderne.","Inauguré en 1977, le Centre Pompidou est un exemple audacieux d'architecture industrielle, conçu par Renzo Piano et Richard Rogers. Le bâtiment, avec ses tuyaux colorés à l'extérieur, abrite le Musée national d'art moderne, une bibliothèque publique et un centre de création industrielle. Il est un point de rencontre pour les amateurs d'art, de culture et de spectacles vivants.",1977,Musée
Les Invalides,48.855,2.3126,89,4.7,Complexe historique abritant des musées et le tombeau de Napoléon.,"Les Invalides sont un ensemble de bâtiments dédiés aux vétérans de guerre, aujourd'hui musée militaire et lieu de sépulture de Napoléon.","Les Invalides ont été fondés par Louis XIV en 1670 comme résidence pour les soldats invalides. Le complexe abrite aujourd'hui plusieurs musées, dont le Musée de l'Armée, et la tombe de Napoléon Bonaparte dans l'église du Dôme. C'est un lieu de mémoire et d'histoire militaire, avec une architecture classique imposante et des collections d'armes, d'armures et de souvenirs militaires.",1670,Monument
Sainte-Chapelle,48.8554,2.345,95,4.8,Chapelle gothique célèbre pour ses vitraux.,"La Sainte-Chapelle est un joyau de l'architecture gothique, construite pour abriter les reliques de la Passion du Christ.","La Sainte-Chapelle a été construite en 1248 par le roi Louis IX pour abriter les reliques de la Passion du Christ, y compris la Couronne d'épines. Elle est située dans l'île de la Cité, au cœur de Paris. La chapelle est particulièrement célèbre pour ses vitraux, qui couvrent plus de 600 mètres carrés et racontent l'histoire biblique.",1248,Monument religieux
Sacré-Cœur,48.8867,2.3431,93,4.7,Basilique emblématique située au sommet de la butte Montmartre.,Le Sacré-Cœur est une basilique catholique romaine et un lieu de pèlerinage célèbre à Paris.,"La basilique du Sacré-Cœur a été construite entre 1875 et 1914. Elle est dédiée au Cœur Sacré de Jésus et est un symbole de la rédemption nationale après la défaite française lors de la guerre franco-prussienne. Le style architectural de la basilique est romano-byzantin, et elle est ornée de mosaïques et de vitraux magnifiques. Le Sacré-Cœur offre une vue panoramique sur Paris depuis le sommet de la butte Montmartre.",1875-1914,Monument religieux
Jardin du Luxembourg,48.8462,2.3371,88,4.7,"Grand parc public connu pour ses pelouses, parterres de fleurs, et statues.","Le Jardin du Luxembourg est un lieu de détente favori des Parisiens, avec ses jardins à la française et son palais.","Créé en 1612 à la demande de Marie de Médicis, le Jardin du Luxembourg entoure le Palais du Luxembourg, qui abrite aujourd'hui le Sénat. Le parc est réputé pour ses pelouses impeccables, ses parterres de fleurs, ses sculptures, ainsi que pour son étang central où les enfants font naviguer des bateaux miniatures.",1612,Parc
Arc de Triomphe,48.8738,2.295,94,4.7,"Les visiteurs admirent la grandeur de l'Arc de Triomphe et la vue impressionnante depuis le sommet. Cependant, certains notent les longues files d'attente et les coûts associés à la montée.",L'Arc de Triomphe est un monument imposant situé au sommet de l'avenue des Champs-Élysées.,"Commandé par Napoléon en 1806 après sa victoire à Austerlitz, l'Arc de Triomphe a été achevé en 1836 sous le règne de Louis-Philippe. Ce monument honore les soldats français morts pendant les guerres révolutionnaires et napoléoniennes. Il abrite également la tombe du Soldat Inconnu, avec sa flamme éternelle qui est ravivée chaque soir.",1806-1836,Monument
Musée Picasso,48.8599,2.3624,90,4.6,Les amateurs d'art apprécient la vaste collection d'œuvres de Picasso exposées dans un cadre historique. Certains visiteurs trouvent le musée un peu exigu pour la quantité d'œuvres présentées.,"Le Musée Picasso abrite une vaste collection d'œuvres de l'artiste espagnol, de ses premières peintures à ses dernières créations.","Situé dans le magnifique hôtel particulier du XVIIe siècle, l'Hôtel Salé, le Musée Picasso de Paris présente une collection riche et variée d'œuvres de Pablo Picasso. On y trouve des peintures, des sculptures, des dessins, des céramiques, ainsi que des archives personnelles de l'artiste. Le musée offre une rétrospective complète de la carrière de Picasso, un des artistes les plus influents du XXe siècle.",1985,Musée
Château de Versailles,48.8048,2.1204,100,4.8,"Le Château de Versailles est adoré pour son opulence et ses magnifiques jardins. Toutefois, la foule peut être écrasante, surtout en été, et les files d'attente longues pour entrer.",Le Château de Versailles est un symbole de l'absolutisme royal et un chef-d'œuvre de l'architecture classique française.,"Construit sous le règne de Louis XIV, le Château de Versailles a été le siège du pouvoir politique français de 1682 jusqu'à la Révolution française en 1789. Le palais est connu pour ses magnifiques jardins à la française, ses somptueuses salles de réception comme la galerie des Glaces, et ses appartements royaux richement décorés. Le Château de Versailles est aujourd'hui un site du patrimoine mondial de l'UNESCO et une destination touristique majeure.",1682,Château
Palais de Tokyo,48.864,2.2963,85,4.5,"Le Palais de Tokyo est salué pour ses expositions d'art contemporain audacieuses et innovantes. Cependant, certains avis notent que l'art moderne exposé peut être difficile à comprendre pour les non-initiés.",Le Palais de Tokyo est un espace d'exposition dédié à l'art contemporain et à l'innovation artistique.,"Inauguré en 1937 à l'occasion de l'Exposition internationale, le Palais de Tokyo est aujourd'hui l'un des plus grands centres d'art contemporain d'Europe. Il propose une programmation riche en expositions temporaires d'artistes contemporains, ainsi que des performances, des conférences et des installations artistiques. Le bâtiment lui-même est un exemple d'architecture moderniste.",1937,Centre d'art
Cimetière du Père-Lachaise,48.8614,2.3933,90,4.7,"Les visiteurs apprécient l'atmosphère paisible du cimetière et la richesse historique des tombes. Toutefois, il est facile de se perdre dans ce vaste cimetière si on n'a pas de plan.",Le Père-Lachaise est un cimetière monumental connu pour ses tombes artistiques et les célébrités qui y reposent.,"Inauguré en 1804, le cimetière du Père-Lachaise est le plus grand cimetière de Paris et l'un des plus célèbres au monde. Il est le lieu de repos de nombreuses personnalités, dont Oscar Wilde, Jim Morrison, Édith Piaf, et Frédéric Chopin. Le cimetière est également un musée en plein air, avec ses tombes, monuments et mausolées d'une grande richesse artistique.",1804,Cimetière
Basilique Saint-Denis,48.9357,2.3591,88,4.5,"Première cathédrale gothique, nécropole des rois de France.","La Basilique Saint-Denis est une église médiévale située à Saint-Denis, à quelques kilomètres au nord de Paris.","Considérée comme le premier édifice gothique, la basilique Saint-Denis a été construite au XIIe siècle et abrite les tombes des rois de France. Ce chef-d'œuvre de l'architecture gothique est un lieu de pèlerinage historique, avec son chœur lumineux et ses vitraux magnifiques. La basilique est également connue pour son rôle dans l'histoire de France en tant que lieu de sépulture des monarques français.",12ème siècle,Monument religieux
Musée Marmottan Monet,48.8582,2.2699,86,4.6,Musée abritant la plus grande collection d'œuvres de Claude Monet.,"Le Musée Marmottan Monet est un musée d'art situé dans un ancien pavillon de chasse, dédié à l'impressionnisme.","Le Musée Marmottan Monet est réputé pour sa vaste collection de peintures de Claude Monet, y compris l'emblématique 'Impression, soleil levant'. Le musée présente également des œuvres de Berthe Morisot, Edgar Degas, et d'autres artistes impressionnistes. Installé dans un ancien pavillon de chasse, le musée offre un cadre intime et raffiné pour découvrir l'art impressionniste.",1934,Musée
Grand Palais,48.8661,2.3126,87,4.6,Monument historique et espace d'exposition situé sur les Champs-Élysées.,"Le Grand Palais est un site emblématique de l'architecture parisienne, connu pour sa grande verrière.","Construit pour l'Exposition universelle de 1900, le Grand Palais est un chef-d'œuvre de l'architecture Beaux-Arts. Le bâtiment est célèbre pour sa grande verrière, l'une des plus grandes au monde, qui illumine les nombreuses expositions artistiques et événements culturels qui y sont organisés. Le Grand Palais abrite également le Palais de la Découverte, un musée de sciences.",1900,Monument
Musée Jacquemart-André,48.8764,2.3127,85,4.6,Musée d'art installé dans un hôtel particulier du XIXe siècle.,Le Musée Jacquemart-André présente une collection d'art privée dans un cadre luxueux.,"Le Musée Jacquemart-André est installé dans un somptueux hôtel particulier construit à la fin du XIXe siècle pour abriter la collection d'art privée d'Édouard André et Nélie Jacquemart. Le musée expose des œuvres de maîtres européens, des meubles précieux, et des objets d'art, offrant aux visiteurs un aperçu de la vie aristocratique du XIXe siècle.",1875,Musée
Cité des Sciences et de l'Industrie,48.8954,2.3879,84,4.4,Grand musée de la science et de la technologie à Paris.,"La Cité des Sciences est un centre interactif dédié à la science et à l'innovation, situé dans le parc de la Villette.","Inaugurée en 1986, la Cité des Sciences et de l'Industrie est le plus grand musée scientifique d'Europe. Elle propose des expositions interactives, des ateliers, et un planétarium, permettant aux visiteurs d'explorer les mystères de la science, de la technologie, et de l'industrie. Le musée est un lieu éducatif populaire pour les familles et les étudiants.",1986,Musée
Place Vendôme,48.867,2.3293,85,4.5,Place célèbre pour ses hôtels de luxe et ses bijouteries.,"La Place Vendôme est un symbole de l'élégance parisienne, entourée de bâtiments historiques et de boutiques de haute joaillerie.","Créée en 1702 par Jules Hardouin-Mansart, la Place Vendôme est un exemple parfait de l'urbanisme classique français. Elle est connue pour ses façades uniformes en pierre, ses hôtels de luxe, et ses bijouteries renommées, dont Cartier et Boucheron. Au centre de la place se dresse la colonne Vendôme, érigée par Napoléon pour commémorer la victoire de la bataille d'Austerlitz.",1702,Place
Palais de Chaillot,48.8626,2.2884,84,4.4,Monument et musée offrant une vue imprenable sur la Tour Eiffel.,"Le Palais de Chaillot est un grand édifice situé sur la colline de Chaillot, face à la Tour Eiffel.","Construit pour l'Exposition internationale de 1937, le Palais de Chaillot abrite plusieurs musées, dont le Musée de l'Homme et le Musée national de la Marine. Le bâtiment est également connu pour ses esplanades qui offrent une vue panoramique sur la Tour Eiffel. Le palais est un exemple d'architecture classique modernisée, avec ses ailes incurvées entourant la place du Trocadéro.",1937,Monument
Pont Neuf,48.8575,2.3407,90,4.7,"Le plus ancien pont de Paris, reliant les rives droite et gauche.","Le Pont Neuf est un symbole de la ville de Paris, offrant des vues pittoresques sur la Seine.","Construit entre 1578 et 1607, le Pont Neuf est le plus ancien pont de Paris encore debout. Contrairement à son nom, il s'agit du premier pont de Paris sans maisons construites sur lui, offrant ainsi une vue dégagée sur la Seine. Le pont est également orné de sculptures de masques grotesques et est un point de départ idéal pour une croisière sur la Seine.",1578-1607,Pont
Maison de Victor Hugo,48.8543,2.3661,82,4.5,Maison où l'écrivain Victor Hugo a vécu pendant 16 ans.,Le musée de la Maison de Victor Hugo est dédié à la vie et à l'œuvre de l'auteur des Misérables.,"La Maison de Victor Hugo, située sur la Place des Vosges, est le lieu où l'écrivain a vécu de 1832 à 1848. Le musée présente des souvenirs personnels, des manuscrits, des dessins et des objets d'art ayant appartenu à Hugo. C'est un lieu incontournable pour les admirateurs de l'auteur et pour ceux qui s'intéressent à l'histoire littéraire française.",1832,Musée
Musée des Arts et Métiers,48.8653,2.3554,85,4.6,Musée dédié à l'histoire des inventions et des innovations techniques.,"Le Musée des Arts et Métiers présente une vaste collection d'objets scientifiques et techniques, du Moyen Âge à nos jours.","Fondé en 1794, le Musée des Arts et Métiers est l'un des plus anciens musées scientifiques du monde. Il abrite plus de 80 000 objets, dont des instruments scientifiques, des machines, et des prototypes qui retracent l'évolution de la technologie et de l'ingénierie. Parmi les pièces maîtresses du musée, on trouve le pendule de Foucault, la première automobile de Cugnot, et le premier modèle de la machine à calculer de Pascal.",1794,Musée
Place de la Bastille,48.853,2.369,83,4.4,"Place historique de Paris, site de la prise de la Bastille en 1789.","La Place de la Bastille est un lieu symbolique de la Révolution française, aujourd'hui un centre culturel animé.","La Place de la Bastille est l'un des lieux les plus emblématiques de Paris, marquée par l'histoire de la Révolution française. C'est ici que se trouvait la prison de la Bastille, prise d'assaut le 14 juillet 1789, événement marquant le début de la Révolution. Aujourd'hui, la place est un lieu de rassemblement populaire, abritant l'Opéra Bastille et de nombreux cafés et restaurants animés.",1789,Place
Parc Monceau,48.8794,2.309,86,4.6,Parc public parisien réputé pour son charme romantique et ses statues.,Le Parc Monceau est un jardin à l'anglaise situé dans le 8e arrondissement de Paris.,"Créé en 1778 par le duc de Chartres, le Parc Monceau est l'un des parcs les plus élégants de Paris. Il est aménagé dans un style paysager à l'anglaise, avec des pelouses, des arbres centenaires, et des statues. Le parc est également connu pour ses répliques d'architectures célèbres, telles qu'une pyramide égyptienne et une colonnade corinthienne.",1778,Parc
Palais Bourbon,48.8604,2.3185,84,4.5,"Siège de l'Assemblée nationale française, situé sur la rive gauche de la Seine.","Le Palais Bourbon est un bâtiment néoclassique qui abrite l'Assemblée nationale, l'une des deux chambres du Parlement français.","Construit entre 1722 et 1728 pour Louise-Françoise de Bourbon, fille de Louis XIV, le Palais Bourbon est aujourd'hui le siège de l'Assemblée nationale. Le bâtiment, qui fait face à la Place de la Concorde, est un exemple remarquable de l'architecture néoclassique. L'intérieur du palais est richement décoré, avec des fresques, des sculptures et des salles historiques telles que l'hémicycle.",1722-1728,Monument
Parc des Buttes-Chaumont,48.8809,2.3819,87,4.7,"Grand parc public situé dans le nord-est de Paris, offrant des paysages pittoresques.","Le Parc des Buttes-Chaumont est l'un des plus grands parcs de Paris, célèbre pour ses falaises, ses ponts suspendus et ses cascades.","Inauguré en 1867, le Parc des Buttes-Chaumont est un exemple d'aménagement paysager du XIXe siècle. Construit sur un ancien site de carrières, le parc offre des paysages escarpés avec des falaises, des grottes, des cascades, et un lac artificiel. Le parc est un lieu de détente populaire, offrant des vues spectaculaires sur la ville depuis son belvédère.",1867,Parc
Pont de l'Alma,48.8623,2.3035,83,4.4,Pont sur la Seine connu pour son panorama sur la Tour Eiffel et la statue du Zouave.,Le Pont de l'Alma est un lieu de passage emblématique offrant une vue imprenable sur la Tour Eiffel.,"Le Pont de l'Alma, inauguré en 1856, est célèbre pour la statue du Zouave qui sert de repère pour mesurer les crues de la Seine. Le pont a été reconstruit en 1970 pour s'adapter à la circulation moderne. Situé non loin de la Tour Eiffel, il offre l'un des plus beaux panoramas sur le monument emblématique de Paris. Le pont est également tristement célèbre pour être le lieu de l'accident de voiture qui a coûté la vie à la princesse Diana en 1997.",1856,Pont
